{
  "name": "10 000",
  "color": "#087ABF",
  "items": [
    {
      "objectId": "companiesmarketcap_inner_join_list",
      "objectType": "DATASET"
    },
    {
      "objectId": "companiesmarketcap_continents",
      "objectType": "DATASET"
    },
    {
      "objectId": "companiesmarketcap",
      "objectType": "DATASET"
    },
    {
      "objectId": "compute_companiesmarketcap_distinct",
      "objectType": "RECIPE"
    },
    {
      "objectId": "companiesmarketcap_distinct",
      "objectType": "DATASET"
    },
    {
      "objectId": "companiesmarketcap_prepared",
      "objectType": "DATASET"
    },
    {
      "objectId": "compute_companiesmarketcap_grouped",
      "objectType": "RECIPE"
    },
    {
      "objectId": "compute_companiesmarketcap_inner_joined",
      "objectType": "RECIPE"
    },
    {
      "objectId": "compute_companiesmarketcap_left_joined",
      "objectType": "RECIPE"
    },
    {
      "objectId": "compute_companiesmarketcap_pipeline_1",
      "objectType": "RECIPE"
    },
    {
      "objectId": "compute_companiesmarketcap_pipeline_2",
      "objectType": "RECIPE"
    },
    {
      "objectId": "compute_companiesmarketcap_prepared_filtered_USA",
      "objectType": "RECIPE"
    },
    {
      "objectId": "compute_companiesmarketcap_prepared_filtered_stock_price_over_20",
      "objectType": "RECIPE"
    },
    {
      "objectId": "compute_companiesmarketcap_prepared_sorted",
      "objectType": "RECIPE"
    },
    {
      "objectId": "compute_companiesmarketcap_stacked",
      "objectType": "RECIPE"
    },
    {
      "objectId": "compute_companiesmarketcap_volume_calculated",
      "objectType": "RECIPE"
    },
    {
      "objectId": "companiesmarketcap_grouped",
      "objectType": "DATASET"
    },
    {
      "objectId": "companiesmarketcap_inner_joined",
      "objectType": "DATASET"
    },
    {
      "objectId": "companiesmarketcap_left_joined",
      "objectType": "DATASET"
    },
    {
      "objectId": "companiesmarketcap_pipeline_1",
      "objectType": "DATASET"
    },
    {
      "objectId": "companiesmarketcap_pipeline_2",
      "objectType": "DATASET"
    },
    {
      "objectId": "compute_companiesmarketcap_pipeline_3",
      "objectType": "RECIPE"
    },
    {
      "objectId": "companiesmarketcap_pipeline_3",
      "objectType": "DATASET"
    },
    {
      "objectId": "compute_companiesmarketcap_pipeline_4",
      "objectType": "RECIPE"
    },
    {
      "objectId": "companiesmarketcap_pipeline_4",
      "objectType": "DATASET"
    },
    {
      "objectId": "compute_companiesmarketcap_prepared",
      "objectType": "RECIPE"
    },
    {
      "objectId": "companiesmarketcap_prepared_filtered_USA",
      "objectType": "DATASET"
    },
    {
      "objectId": "companiesmarketcap_prepared_filtered_stock_price_over_20",
      "objectType": "DATASET"
    },
    {
      "objectId": "companiesmarketcap_prepared_sorted",
      "objectType": "DATASET"
    },
    {
      "objectId": "companiesmarketcap_stacked",
      "objectType": "DATASET"
    },
    {
      "objectId": "companiesmarketcap_volume_calculated",
      "objectType": "DATASET"
    }
  ],
  "shared": [],
  "tags": [],
  "customFields": {},
  "checklists": {
    "checklists": []
  }
}