{
  "name": "1 000 000",
  "color": "#C82423",
  "items": [
    {
      "objectId": "sp500_stocks",
      "objectType": "DATASET"
    },
    {
      "objectId": "sp500_companies",
      "objectType": "DATASET"
    },
    {
      "objectId": "sp500_stocks_left_joined",
      "objectType": "DATASET"
    },
    {
      "objectId": "compute_sp500_stocks_distinct",
      "objectType": "RECIPE"
    },
    {
      "objectId": "sp500_stocks_distinct",
      "objectType": "DATASET"
    },
    {
      "objectId": "compute_sp500_stocks_filtered",
      "objectType": "RECIPE"
    },
    {
      "objectId": "sp500_stocks_filtered",
      "objectType": "DATASET"
    },
    {
      "objectId": "compute_sp500_stocks_filtered_by_number",
      "objectType": "RECIPE"
    },
    {
      "objectId": "sp500_stocks_filtered_by_number",
      "objectType": "DATASET"
    },
    {
      "objectId": "compute_sp500_stocks_grouped",
      "objectType": "RECIPE"
    },
    {
      "objectId": "sp500_stocks_grouped",
      "objectType": "DATASET"
    },
    {
      "objectId": "compute_sp500_stocks_sorted",
      "objectType": "RECIPE"
    },
    {
      "objectId": "sp500_stocks_sorted",
      "objectType": "DATASET"
    },
    {
      "objectId": "compute_sp500_stocks_sorted_stacked",
      "objectType": "RECIPE"
    },
    {
      "objectId": "sp500_stocks_sorted_stacked",
      "objectType": "DATASET"
    },
    {
      "objectId": "sp500_company_list",
      "objectType": "DATASET"
    },
    {
      "objectId": "compute_sp500_stocks_inner_joined",
      "objectType": "RECIPE"
    },
    {
      "objectId": "sp500_stocks_inner_joined",
      "objectType": "DATASET"
    },
    {
      "objectId": "sp500_stocks_prepared",
      "objectType": "DATASET"
    },
    {
      "objectId": "compute_sp500_stocks_prepared",
      "objectType": "RECIPE"
    },
    {
      "objectId": "sp500_stocks_pipeline1",
      "objectType": "DATASET"
    },
    {
      "objectId": "compute_sp500_stocks_pipeline1",
      "objectType": "RECIPE"
    },
    {
      "objectId": "compute_sp500_stocks_pipeline2",
      "objectType": "RECIPE"
    },
    {
      "objectId": "sp500_stocks_pipeline2",
      "objectType": "DATASET"
    },
    {
      "objectId": "compute_sp500_stocks_pipeline3",
      "objectType": "RECIPE"
    },
    {
      "objectId": "sp500_stocks_pipeline3",
      "objectType": "DATASET"
    },
    {
      "objectId": "compute_sp500_stocks_pipeline4",
      "objectType": "RECIPE"
    },
    {
      "objectId": "sp500_stocks_pipeline4",
      "objectType": "DATASET"
    },
    {
      "objectId": "compute_sp500_stocks_pipeline5",
      "objectType": "RECIPE"
    },
    {
      "objectId": "sp500_stocks_pipeline5",
      "objectType": "DATASET"
    },
    {
      "objectId": "compute_sp500_stocks_pipeline6",
      "objectType": "RECIPE"
    },
    {
      "objectId": "sp500_stocks_pipeline6",
      "objectType": "DATASET"
    },
    {
      "objectId": "compute_sp500_stocks_pipeline7",
      "objectType": "RECIPE"
    },
    {
      "objectId": "sp500_stocks_pipeline7",
      "objectType": "DATASET"
    },
    {
      "objectId": "compute_sp500_stocks_pipeline8",
      "objectType": "RECIPE"
    },
    {
      "objectId": "sp500_stocks_pipeline8",
      "objectType": "DATASET"
    },
    {
      "objectId": "compute_sp500_stocks_pipeline9",
      "objectType": "RECIPE"
    },
    {
      "objectId": "sp500_stocks_pipeline9",
      "objectType": "DATASET"
    },
    {
      "objectId": "compute_sp500_stocks_left_joined",
      "objectType": "RECIPE"
    }
  ],
  "shared": [],
  "tags": [],
  "customFields": {},
  "checklists": {
    "checklists": []
  }
}