{
  "name": "100 000",
  "color": "#4B8021",
  "items": [
    {
      "objectId": "indexProcessed",
      "objectType": "DATASET"
    },
    {
      "objectId": "IndexData",
      "objectType": "DATASET"
    },
    {
      "objectId": "compute_indexProcessed_sorted",
      "objectType": "RECIPE"
    },
    {
      "objectId": "indexProcessed_sorted",
      "objectType": "DATASET"
    },
    {
      "objectId": "compute_indexProcessed_sorted_stacked",
      "objectType": "RECIPE"
    },
    {
      "objectId": "indexProcessed_sorted_stacked",
      "objectType": "DATASET"
    },
    {
      "objectId": "compute_indexProcessed_filtered",
      "objectType": "RECIPE"
    },
    {
      "objectId": "indexProcessed_filtered",
      "objectType": "DATASET"
    },
    {
      "objectId": "compute_indexProcessed_distinct",
      "objectType": "RECIPE"
    },
    {
      "objectId": "indexProcessed_distinct",
      "objectType": "DATASET"
    },
    {
      "objectId": "compute_indexProcessed_grouped",
      "objectType": "RECIPE"
    },
    {
      "objectId": "indexProcessed_grouped",
      "objectType": "DATASET"
    },
    {
      "objectId": "indexProcessed_prepared",
      "objectType": "DATASET"
    },
    {
      "objectId": "compute_indexProcessed_prepared",
      "objectType": "RECIPE"
    },
    {
      "objectId": "compute_indexProcessed_joined",
      "objectType": "RECIPE"
    },
    {
      "objectId": "indexProcessed_joined",
      "objectType": "DATASET"
    },
    {
      "objectId": "compute_indexProcessed_filtered_by_number",
      "objectType": "RECIPE"
    },
    {
      "objectId": "indexProcessed_filtered_by_number",
      "objectType": "DATASET"
    },
    {
      "objectId": "indexList",
      "objectType": "DATASET"
    },
    {
      "objectId": "compute_indexProcessed_inner_joined",
      "objectType": "RECIPE"
    },
    {
      "objectId": "indexProcessed_inner_joined",
      "objectType": "DATASET"
    },
    {
      "objectId": "indexProcessed_pipeline1",
      "objectType": "DATASET"
    },
    {
      "objectId": "compute_indexProcessed_pipeline1",
      "objectType": "RECIPE"
    },
    {
      "objectId": "compute_indexProcessed_pipeline4",
      "objectType": "RECIPE"
    },
    {
      "objectId": "indexProcessed_pipeline4",
      "objectType": "DATASET"
    },
    {
      "objectId": "compute_indexProcessed_pipeline5",
      "objectType": "RECIPE"
    },
    {
      "objectId": "indexProcessed_pipeline5",
      "objectType": "DATASET"
    },
    {
      "objectId": "compute_indexProcessed_pipeline2",
      "objectType": "RECIPE"
    },
    {
      "objectId": "indexProcessed_pipeline2",
      "objectType": "DATASET"
    },
    {
      "objectId": "compute_indexProcessed_pipeline6",
      "objectType": "RECIPE"
    },
    {
      "objectId": "indexProcessed_pipeline6",
      "objectType": "DATASET"
    }
  ],
  "shared": [],
  "tags": [],
  "customFields": {},
  "checklists": {
    "checklists": []
  }
}