{
  "type": "vstack",
  "neverRecomputeExistingPartitions": false,
  "optionalDependencies": false,
  "customMeta": {
    "kv": {}
  },
  "redispatchPartitioning": false,
  "maxRunningActivities": 0,
  "variables": {},
  "dkuProperties": [],
  "inputs": {
    "main": {
      "items": [
        {
          "ref": "sp500_stocks_pipeline5",
          "deps": []
        },
        {
          "ref": "sp500_stocks_pipeline4",
          "deps": []
        },
        {
          "ref": "sp500_stocks_pipeline3",
          "deps": []
        },
        {
          "ref": "sp500_stocks_pipeline7",
          "deps": []
        },
        {
          "ref": "sp500_stocks_pipeline6",
          "deps": []
        }
      ]
    }
  },
  "outputs": {
    "main": {
      "items": [
        {
          "ref": "sp500_stocks_pipeline8",
          "appendMode": false
        }
      ]
    }
  },
  "labels": [],
  "versionTag": {
    "versionNumber": 3,
    "lastModifiedBy": {
      "login": "admin"
    },
    "lastModifiedOn": 1714908906276
  },
  "creationTag": {
    "versionNumber": 0,
    "lastModifiedBy": {
      "login": "admin"
    },
    "lastModifiedOn": 1714908635627
  },
  "tags": [],
  "customFields": {},
  "checklists": {
    "checklists": []
  }
}