{
  "type": "vstack",
  "neverRecomputeExistingPartitions": false,
  "optionalDependencies": false,
  "customMeta": {
    "kv": {}
  },
  "redispatchPartitioning": false,
  "maxRunningActivities": 0,
  "variables": {},
  "dkuProperties": [],
  "inputs": {
    "main": {
      "items": [
        {
          "ref": "companiesmarketcap_prepared",
          "deps": []
        },
        {
          "ref": "companiesmarketcap_prepared_sorted",
          "deps": []
        }
      ]
    }
  },
  "outputs": {
    "main": {
      "items": [
        {
          "ref": "companiesmarketcap_stacked",
          "appendMode": false
        }
      ]
    }
  },
  "labels": [],
  "versionTag": {
    "versionNumber": 22,
    "lastModifiedBy": {
      "login": "admin"
    },
    "lastModifiedOn": 1746972048770
  },
  "creationTag": {
    "versionNumber": 0,
    "lastModifiedBy": {
      "login": "admin"
    },
    "lastModifiedOn": 1711556832325
  },
  "tags": [],
  "customFields": {},
  "checklists": {
    "checklists": []
  }
}